Subject,Spam
Exclusive offer just for you - don't miss out,1
Special promotion just for you - save up to 50% off,1
Exclusive offer just for you - don't miss out,1
Win big with our exclusive lottery,1
Special promotion just for you - save up to 50% off,1
Win big with our exclusive lottery,1
Win big with our exclusive lottery,1
Unlock your hidden potential with our course,1
Get rich quick with this amazing secret,1
Unlock your hidden potential with our course,1
Exclusive offer just for you - don't miss out,1
Unlock your hidden potential with our course,1
Guaranteed weight loss in just 4 weeks!,1
Earn $$$ from home easily starting today,1
"Congratulations, you've been selected for a special offer!",1
Earn $$$ from home easily starting today,1
Get rich quick with this amazing secret,1
Earn $$$ from home easily starting today,1
Get rich quick with this amazing secret,1
Get rich quick with this amazing secret,1
Special promotion just for you - save up to 50% off,1
Unlock your hidden potential with our course,1
Unlock your hidden potential with our course,1
"Congratulations, you've been selected for a special offer!",1
Get rich quick with this amazing secret,1
Guaranteed weight loss in just 4 weeks!,1
Unlock your hidden potential with our course,1
You're a winner! Claim your exciting prize now.,1
Unlock your hidden potential with our course,1
Guaranteed weight loss in just 4 weeks!,1
Exclusive offer just for you - don't miss out,1
Earn $$$ from home easily starting today,1
You won a free vacation to Hawaii!,1
Win big with our exclusive lottery,1
Get rich quick with this amazing secret,1
Earn $$$ from home easily starting today,1
Guaranteed weight loss in just 4 weeks!,1
Special promotion just for you - save up to 50% off,1
You won a free vacation to Hawaii!,1
Earn $$$ from home easily starting today,1
You won a free vacation to Hawaii!,1
Guaranteed weight loss in just 4 weeks!,1
You're a winner! Claim your exciting prize now.,1
"Congratulations, you've been selected for a special offer!",1
Get rich quick with this amazing secret,1
Guaranteed weight loss in just 4 weeks!,1
Guaranteed weight loss in just 4 weeks!,1
You're a winner! Claim your exciting prize now.,1
Earn $$$ from home easily starting today,1
Guaranteed weight loss in just 4 weeks!,1
Unlock your hidden potential with our course,1
Get rich quick with this amazing secret,1
Unlock your hidden potential with our course,1
Win big with our exclusive lottery,1
Exclusive offer just for you - don't miss out,1
Get rich quick with this amazing secret,1
"Congratulations, you've been selected for a special offer!",1
You're a winner! Claim your exciting prize now.,1
Win big with our exclusive lottery,1
Win big with our exclusive lottery,1
Unlock your hidden potential with our course,1
Get rich quick with this amazing secret,1
You're a winner! Claim your exciting prize now.,1
You won a free vacation to Hawaii!,1
"Congratulations, you've been selected for a special offer!",1
Exclusive offer just for you - don't miss out,1
"Congratulations, you've been selected for a special offer!",1
"Congratulations, you've been selected for a special offer!",1
You won a free vacation to Hawaii!,1
Guaranteed weight loss in just 4 weeks!,1
Guaranteed weight loss in just 4 weeks!,1
Guaranteed weight loss in just 4 weeks!,1
Earn $$$ from home easily starting today,1
Unlock your hidden potential with our course,1
Special promotion just for you - save up to 50% off,1
Win big with our exclusive lottery,1
You won a free vacation to Hawaii!,1
Get rich quick with this amazing secret,1
Exclusive offer just for you - don't miss out,1
Guaranteed weight loss in just 4 weeks!,1
Win big with our exclusive lottery,1
Special promotion just for you - save up to 50% off,1
"Congratulations, you've been selected for a special offer!",1
Unlock your hidden potential with our course,1
Guaranteed weight loss in just 4 weeks!,1
You won a free vacation to Hawaii!,1
Exclusive offer just for you - don't miss out,1
You won a free vacation to Hawaii!,1
You won a free vacation to Hawaii!,1
Guaranteed weight loss in just 4 weeks!,1
Earn $$$ from home easily starting today,1
Earn $$$ from home easily starting today,1
Win big with our exclusive lottery,1
Win big with our exclusive lottery,1
You're a winner! Claim your exciting prize now.,1
You won a free vacation to Hawaii!,1
Special promotion just for you - save up to 50% off,1
Get rich quick with this amazing secret,1
You're a winner! Claim your exciting prize now.,1
You're a winner! Claim your exciting prize now.,1
Weekly newsletter updates,0
Team meeting schedule for next week,0
Your order has been shipped,0
Upcoming events this month,0
Happy birthday greetings from all of us,0
Project deadline reminder: due next Friday,0
Your account balance update,0
Thank you for your purchase from our store,0
Survey: we value your opinion,0
Invitation: join our webinar on the latest trends,0
Weekly newsletter updates,0
Team meeting schedule for next week,0
Your order has been shipped,0
Upcoming events this month,0
Happy birthday greetings from all of us,0
Project deadline reminder: due next Friday,0
Your account balance update,0
Thank you for your purchase from our store,0
Survey: we value your opinion,0
Invitation: join our webinar on the latest trends,0
Weekly newsletter updates,0
Team meeting schedule for next week,0
Your order has been shipped,0
Upcoming events this month,0
Happy birthday greetings from all of us,0
Project deadline reminder: due next Friday,0
Your account balance update,0
Thank you for your purchase from our store,0
Survey: we value your opinion,0
Invitation: join our webinar on the latest trends,0
Weekly newsletter updates,0
Team meeting schedule for next week,0
Your order has been shipped,0
Upcoming events this month,0
Happy birthday greetings from all of us,0
Project deadline reminder: due next Friday,0
Your account balance update,0
Thank you for your purchase from our store,0
Survey: we value your opinion,0
Invitation: join our webinar on the latest trends,0
Weekly newsletter updates,0
Team meeting schedule for next week,0
Your order has been shipped,0
Upcoming events this month,0
Happy birthday greetings from all of us,0
Project deadline reminder: due next Friday,0
Your account balance update,0
Thank you for your purchase from our store,0
Survey: we value your opinion,0
Invitation: join our webinar on the latest trends,0
Weekly newsletter updates,0
Team meeting schedule for next week,0
Your order has been shipped,0
Upcoming events this month,0
Happy birthday greetings from all of us,0
Project deadline reminder: due next Friday,0
Your account balance update,0
Thank you for your purchase from our store,0
Survey: we value your opinion,0
Invitation: join our webinar on the latest trends,0
Weekly newsletter updates,0
Team meeting schedule for next week,0
Your order has been shipped,0
Upcoming events this month,0
Happy birthday greetings from all of us,0
Project deadline reminder: due next Friday,0
Your account balance update,0
Thank you for your purchase from our store,0
Survey: we value your opinion,0
Invitation: join our webinar on the latest trends,0
Weekly newsletter updates,0
Team meeting schedule for next week,0
Your order has been shipped,0
Upcoming events this month,0
Happy birthday greetings from all of us,0
Project deadline reminder: due next Friday,0
Your account balance update,0
Thank you for your purchase from our store,0
Survey: we value your opinion,0
Invitation: join our webinar on the latest trends,0
Weekly newsletter updates,0
Team meeting schedule for next week,0
Your order has been shipped,0
Upcoming events this month,0
Happy birthday greetings from all of us,0
Project deadline reminder: due next Friday,0
Your account balance update,0
Thank you for your purchase from our store,0
Survey: we value your opinion,0
Invitation: join our webinar on the latest trends,0
Weekly newsletter updates,0
Team meeting schedule for next week,0
Your order has been shipped,0
Upcoming events this month,0
Happy birthday greetings from all of us,0
Project deadline reminder: due next Friday,0
Your account balance update,0
Thank you for your purchase from our store,0
Survey: we value your opinion,0
Invitation: join our webinar on the latest trends,0
